{
    "name": "Tinybit",
    "version": "2.0.2",
    "description": "Extension for YahBoom Tiny:bit V2.0.2",
    "license": "MIT",
    "dependencies": {
        "core": "*",
        "neopixel": "github:lzty634158/pxt-neopixel"
	

    },
    "files": [
        "README.md",
        "main.ts",
        "_locales/zh-cn/Tinybit-strings.json",
        "_locales/zh-tw/Tinybit-strings.json",
        "_locales/fr/Tinybit-strings.json"

    ],
    "testFiles": [
        "test.ts"
    ],
    "public": true
}
